bus_number,base_kv,bus_type,voltage_magnitude,voltage_angle
1,138.0,2,1.045,-8.957
2,138.0,2,0.98,-0.9843
3,138.0,2,0.983,1.6121
4,138.0,2,0.997,1.6675
5,138.0,2,1.011,-0.6284
6,138.0,2,1.05,3.8417
7,138.0,2,1.063,6.03
8,138.0,2,1.03,-2.8418
9,138.0,2,1.025,2.6516
10,138.0,2,1.01,-9.6446
11,138.0,2,1.0,-7.2252
12,138.0,2,1.0156,-22.6322
13,138.0,2,1.011,-28.6549
14,138.0,2,1.0,10.9616
15,138.0,2,1.0,0.0165
16,138.0,3,1.0,0.0
17,138.0,1,0.94992,-36.0278
18,138.0,1,1.00233,-5.8055
19,138.0,1,0.93198,-4.2641
20,138.0,1,0.98061,-5.8752
21,138.0,1,0.96024,-7.0547
22,138.0,1,0.99368,-1.8018
23,138.0,1,0.99611,-2.1614
24,138.0,1,0.9587,-9.8775
25,138.0,1,0.9981,-10.0003
26,138.0,1,0.98686,-11.0202
27,138.0,1,0.96789,-12.8579
28,138.0,1,0.98973,-7.4975
29,138.0,1,0.99209,-4.5472
30,138.0,1,0.97618,-19.7108
31,138.0,1,0.98381,-17.4648
32,138.0,1,0.96988,-15.2383
33,138.0,1,0.97381,-19.7588
34,138.0,1,0.98003,-26.1167
35,138.0,1,1.04302,-27.0893
36,138.0,1,0.96064,-28.8282
37,138.0,1,0.95551,-11.7888
38,138.0,1,0.98897,-18.7601
39,138.0,1,0.99154,-39.291
40,138.0,1,1.04422,-13.6407
41,138.0,1,0.99964,9.4267
42,138.0,1,0.99896,-0.8438
43,138.0,1,0.97649,-37.9097
44,138.0,1,0.97749,-37.9872
45,138.0,1,1.04709,-29.3633
46,138.0,1,0.99031,-20.532
47,138.0,1,1.0184,-19.4983
48,138.0,1,1.03374,-18.3768
49,138.0,1,0.99361,-19.8202
50,138.0,1,1.06024,-19.0525
51,138.0,1,1.06337,-27.2888
52,138.0,1,0.95454,-12.8342
53,138.0,1,0.98633,-18.938
54,138.0,1,0.98571,-11.5378
55,138.0,1,0.95712,-13.2187
56,138.0,1,0.92084,-11.9601
57,138.0,1,0.91019,-11.2137
58,138.0,1,0.90903,-10.403
59,138.0,1,0.90375,-13.3118
60,138.0,1,0.90617,-14.0376
61,138.0,1,0.95565,-23.2231
62,138.0,1,0.91215,-7.3125
63,138.0,1,0.90965,-8.3707
64,138.0,1,0.83666,-8.3778
65,138.0,1,0.91276,-8.1855
66,138.0,1,0.9194,-10.1917
67,138.0,1,0.92803,-11.4306
68,138.0,1,0.94829,-10.072
