bus_number,base_kv,bus_type,voltage_magnitude,voltage_angle,fault
1,138.0,2,1.045,-8.957,0
2,138.0,2,0.98,-0.9843,0
3,138.0,2,0.983,1.6121,0
4,138.0,2,0.997,1.6675,0
5,138.0,2,1.011,-0.6284,0
6,138.0,2,1.05,3.8417,0
7,138.0,2,1.063,6.03,0
8,138.0,2,1.03,-2.8418,0
9,138.0,2,1.025,2.6516,0
10,138.0,2,1.01,-9.6446,0
11,138.0,2,1.0,-7.2252,0
12,138.0,2,1.0156,-22.6322,0
13,138.0,2,1.011,-28.6549,0
14,138.0,2,1.0,10.9616,0
15,138.0,2,1.0,0.0165,0
16,138.0,3,1.0,0.0,0
17,138.0,1,0.94992,-36.0278,0
18,138.0,1,1.00233,-5.8055,0
19,138.0,1,0.93198,-4.2641,0
20,138.0,1,0.98061,-5.8752,0
21,138.0,1,0.96024,-7.0547,0
22,138.0,1,0.99368,-1.8018,0
23,138.0,1,0.99611,-2.1614,0
24,138.0,1,0.9587,-9.8775,0
25,138.0,1,0.9981,-10.0003,0
26,138.0,1,0.98686,-11.0202,0
27,138.0,1,0.96789,-12.8579,0
28,138.0,1,0.98973,-7.4975,0
29,138.0,1,0.99209,-4.5472,0
30,138.0,1,0.97618,-19.7108,0
31,138.0,1,0.98381,-17.4648,0
32,138.0,1,0.96988,-15.2383,0
33,138.0,1,0.97381,-19.7588,0
34,138.0,1,0.98003,-26.1167,0
35,138.0,1,1.04302,-27.0893,0
36,138.0,1,0.96064,-28.8282,0
37,138.0,1,0.95551,-11.7888,0
38,138.0,1,0.98897,-18.7601,0
39,138.0,1,0.99154,-39.291,0
40,138.0,1,1.04422,-13.6407,0
41,138.0,1,0.99964,9.4267,0
42,138.0,1,0.99896,-0.8438,0
43,138.0,1,0.97649,-37.9097,0
44,138.0,1,0.97749,-37.9872,0
45,138.0,1,1.04709,-29.3633,0
46,138.0,1,0.99031,-20.532,0
47,138.0,1,1.0184,-19.4983,0
48,138.0,1,1.03374,-18.3768,0
49,138.0,1,0.99361,-19.8202,0
50,138.0,1,1.06024,-19.0525,0
51,138.0,1,1.06337,-27.2888,0
52,138.0,1,0.95454,-12.8342,0
53,138.0,1,0.98633,-18.938,0
54,138.0,1,0.98571,-11.5378,0
55,138.0,1,0.95712,-13.2187,0
56,138.0,1,0.92084,-11.9601,0
57,138.0,1,0.91019,-11.2137,0
58,138.0,1,0.90903,-10.403,0
59,138.0,1,0.90375,-13.3118,0
60,138.0,1,0.90617,-14.0376,0
61,138.0,1,0.95565,-23.2231,0
62,138.0,1,0.91215,-7.3125,0
63,138.0,1,0.90965,-8.3707,0
64,138.0,1,0.83666,-8.3778,0
65,138.0,1,0.91276,-8.1855,0
66,138.0,1,0.9194,-10.1917,0
67,138.0,1,0.92803,-11.4306,0
68,138.0,1,0.94829,-10.072,0
